{
    "name": "root",
    "gauges": {
        "SmartChaser_SmartChaser.Policy.Entropy.mean": {
            "value": 0.7130520939826965,
            "min": 0.7130520939826965,
            "max": 1.4189382791519165,
            "count": 41
        },
        "SmartChaser_SmartChaser.Environment.EpisodeLength.mean": {
            "value": 24.383858267716537,
            "min": 9.54625550660793,
            "max": 34.659033078880405,
            "count": 41
        },
        "SmartChaser_SmartChaser.Policy.ExtrinsicValueEstimate.mean": {
            "value": 2.897103786468506,
            "min": -0.11904933303594589,
            "max": 2.897103786468506,
            "count": 41
        },
        "SmartChaser_SmartChaser.Environment.CumulativeReward.mean": {
            "value": 5.288823528032677,
            "min": -0.951265818993502,
            "max": 5.628535997483038,
            "count": 41
        },
        "SmartChaser_SmartChaser.Policy.ExtrinsicReward.mean": {
            "value": 5.288823528032677,
            "min": -0.951265818993502,
            "max": 5.628535997483038,
            "count": 41
        },
        "SmartChaser_SmartChaser.IsTraining.mean": {
            "value": 1.0,
            "min": 1.0,
            "max": 1.0,
            "count": 41
        },
        "SmartChaser_SmartChaser.Losses.ValueLoss.mean": {
            "value": 4.614552974700928,
            "min": 2.794013261795044,
            "max": 6.193087100982666,
            "count": 40
        },
        "SmartChaser_SmartChaser.Losses.PolicyLoss.mean": {
            "value": 0.10287610441446304,
            "min": 0.08956575393676758,
            "max": 0.1058458760380745,
            "count": 40
        },
        "SmartChaser_SmartChaser.Policy.LearningRate.mean": {
            "value": 9.807701644604094e-06,
            "min": 9.807701644604094e-06,
            "max": 0.00029278802685439587,
            "count": 40
        }
    },
    "metadata": {
        "timer_format_version": "0.1.0",
        "start_time_seconds": "1644961616",
        "python_version": "3.8.6 (tags/v3.8.6:db45529, Sep 23 2020, 15:52:53) [MSC v.1927 64 bit (AMD64)]",
        "command_line_arguments": "C:\\Python38\\Scripts\\mlagents-learn config/simpleConfig.yaml --run-id=SmartChaser --force",
        "mlagents_version": "0.16.1",
        "mlagents_envs_version": "0.16.1",
        "communication_protocol_version": "1.0.0",
        "tensorflow_version": "2.3.1",
        "end_time_seconds": "1644962174"
    },
    "total": 558.0450115,
    "count": 1,
    "self": 0.3058710999999903,
    "children": {
        "run_training.setup": {
            "total": 0.013713399999999876,
            "count": 1,
            "self": 0.013713399999999876
        },
        "TrainerController.start_learning": {
            "total": 557.725427,
            "count": 1,
            "self": 17.151653200002556,
            "children": {
                "TrainerController._reset_env": {
                    "total": 9.0830494,
                    "count": 1,
                    "self": 9.0830494
                },
                "TrainerController.advance": {
                    "total": 530.1820136999972,
                    "count": 36570,
                    "self": 0.41613409999297346,
                    "children": {
                        "env_step": {
                            "total": 529.7658796000043,
                            "count": 36570,
                            "self": 496.4624195000052,
                            "children": {
                                "SubprocessEnvManager._take_step": {
                                    "total": 32.81387709999964,
                                    "count": 36570,
                                    "self": 0.9273276999997364,
                                    "children": {
                                        "NNPolicy.evaluate": {
                                            "total": 31.8865493999999,
                                            "count": 16796,
                                            "self": 31.8865493999999
                                        }
                                    }
                                },
                                "workers": {
                                    "total": 0.4895829999994419,
                                    "count": 36570,
                                    "self": 0.0,
                                    "children": {
                                        "worker_root": {
                                            "total": 545.8683384999982,
                                            "count": 36570,
                                            "is_parallel": true,
                                            "self": 210.96680959999628,
                                            "children": {
                                                "steps_from_proto": {
                                                    "total": 0.00047140000000034377,
                                                    "count": 1,
                                                    "is_parallel": true,
                                                    "self": 0.00012270000000036418,
                                                    "children": {
                                                        "_process_vector_observation": {
                                                            "total": 0.0003486999999999796,
                                                            "count": 2,
                                                            "is_parallel": true,
                                                            "self": 0.0003486999999999796
                                                        }
                                                    }
                                                },
                                                "UnityEnvironment.step": {
                                                    "total": 334.90105750000197,
                                                    "count": 36570,
                                                    "is_parallel": true,
                                                    "self": 3.114384999996844,
                                                    "children": {
                                                        "UnityEnvironment._generate_step_input": {
                                                            "total": 13.806750100003415,
                                                            "count": 36570,
                                                            "is_parallel": true,
                                                            "self": 13.806750100003415
                                                        },
                                                        "communicator.exchange": {
                                                            "total": 307.68195540000085,
                                                            "count": 36570,
                                                            "is_parallel": true,
                                                            "self": 307.68195540000085
                                                        },
                                                        "steps_from_proto": {
                                                            "total": 10.297967000000895,
                                                            "count": 36570,
                                                            "is_parallel": true,
                                                            "self": 3.3214001999990597,
                                                            "children": {
                                                                "_process_vector_observation": {
                                                                    "total": 6.9765668000018355,